sol,Sol
sol2,Sol (Zoom)
Sol3,Sol with Luna Eclipse
mercury,Mercury
mercury2,Mercury
mercsurf1,Mercury Surface
mercsurf2,Mercury Surface
mercsurf3,Mickey Mouse on Mercury
mercsurf4,Mercury Surface (Abedin Crater Interior)
mercsurf5,Mercury Surface (North Pole)
venus,Venus
vensurf1,Venus Surface
vensurf2,Venus Surface
vensurf3,Venus Surface
earthsys,Terran System
earth,Earth
earth2,Earth
iss,International Space Station
moon,Luna
moonsurf1,Luna Surface
moonsurf2,Luna Surface
buzzaldrin,Buzz Aldrin on Luna
earthrise,Earthrise
earth3,Earth (1 Million Miles Away)
em,Earth with Luna Transit
marssys,Martian System
mars,Mars
marspole,Mars (South Pole)
marsurf1,Martian Surface
marsurf2,Martian Surface
marsurf3,Martian Surface
marsurf4,Martian Surface
marsurf5,Martian Surface (Newton Crater)
marsurf6,Martian Surface
marsurf7,Martian Surface
marsgold,Mars (Golden Ice Pits)
phobos,Phobos
deimos,Deimos
emmars,Terran System (From Mars)
gaspra,Gaspra
ida,Ida
cv,Ceres|Vesta
ceres,Ceres
ceres2,Ceres (Bright Spot)
ceres3,Ceres (Bright Spot Zoom)
ceres4,Ceres (Bright Spot More Zoom)
ceres5,Ceres (North Pole)
vesta,Vesta
vesta-snowman,Vesta (Snowman Crater)
vesta-southpole,Vesta (South Pole)
jupsys,Jovian System
jupiter,Jupiter
jupclose,Jupiter Closeup
metis,Metis
adrastea,Adrastea
amalthea,Amalthea
thebe,Thebe
io,Io
europa,Europa
ioeuropa,Io (Right) and Europa (Left)
ganymede,Ganymede
callisto,Callisto
satsys,Saturnian System
saturn,Saturn
saturnnp,Saturn (North Pole)
saturndm, Saturn with Dione and Mimas
pan,Pan
atlas,Atlas
prometheus,Prometheus
pandora,Pandora
epimetheus,Epimetheus
janus,Janus
mimas,Mimas
enceladus,Enceladus
enceladus2,Enceladus Closeup
enceladus3,Enceladus (South Corner)
enceladus4,Enceladus (Southern Plumes)
tethys,Tethys
telesto,Telesto
calypso,Calypso
dione,Dione
dione2,Dione (Zoom)
dione3,Dione Transits Saturn
dione4,Dione (Rings and Shadows)
helene,Helene
rhea,Rhea
titan,Titan
titsurf,Titan Surface
hyperion,Hyperion
hyperion2,Hyperion Closeup
iapetus,Iapetus
phoebe,Phoebe
urasys,Uranian System
uranus,Uranus
uranus2,Uranus
puck,Puck
miranda,Miranda
ariel,Ariel
umbriel,Umbriel
titania,Titania
oberon,Oberon
nepsys,Neptunian System
neptune,Neptune
ncc,Neptune (Cirrus Clouds)
naiad,Naiad
thalassa,Thalassa
despina,Despina
galatea,Galatea
larissa,Larissa
proteus,Proteus
triton,Triton
nereid,Nereid
quaoar,Quaoar
plutsys,Plutonian System
plutchar,Pluto and Charon
pluto,Pluto
pluto2,Pluto (Zoom) 
plutsurf1,Pluto Surface
plutsurf2,Pluto Surface (Ice Plains)
plutsurf3,Pluto Surface (Flowing Ice)
plutsurf4,Pluto Surface (Snakeskin Detail)
charon,Charon
charsurf,Charon Surface (Mountain in Moat)
nix,Nix (False Color)
hydra,Hydra
plutsil,Pluto Silhouette
makemake,MakeMake
eris,Eris System
sedna,Sedna
kb,Kuiper Belt
halley,Halley's Comet
halnuc,Halley Nucleus
67p,Comet 67P
oort,Oort Cloud
edge,Solar System Edge
